{"cameraMode":{"drawMode":0,"name":"Shaded","section":"Shading Mode"},"sceneLighting":true,"audioPlay":false,"sceneViewState":{"m_AlwaysRefresh":false,"showFog":true,"showSkybox":true,"showFlares":true,"showImageEffects":true,"showParticleSystems":true,"showVisualEffectGraphs":true,"m_FxEnabled":true},"in2DMode":false,"pivot":{"x":-73.03679656982422,"y":49.797061920166019,"z":-13.269397735595704},"rotation":{"x":-0.15310274064540864,"y":-0.35755130648612978,"z":0.05955341085791588,"w":-0.9194351434707642},"size":7.588763236999512,"orthographic":false}