{"cameraMode":{"drawMode":0,"name":"Shaded","section":"Shading Mode"},"sceneLighting":true,"audioPlay":false,"sceneViewState":{"m_AlwaysRefresh":false,"showFog":true,"showSkybox":true,"showFlares":true,"showImageEffects":true,"showParticleSystems":true,"showVisualEffectGraphs":true,"m_FxEnabled":true},"in2DMode":false,"pivot":{"x":-29.982929229736329,"y":35.48833084106445,"z":35.605098724365237},"rotation":{"x":-0.2685965895652771,"y":0.19145925343036652,"z":-0.05412168800830841,"w":-0.9426156878471375},"size":13.997136116027832,"orthographic":false}