{"cameraMode":{"drawMode":0,"name":"Shaded","section":"Shading Mode"},"sceneLighting":true,"audioPlay":false,"sceneViewState":{"m_AlwaysRefresh":false,"showFog":true,"showSkybox":true,"showFlares":true,"showImageEffects":true,"showParticleSystems":true,"showVisualEffectGraphs":true,"m_FxEnabled":true},"in2DMode":false,"pivot":{"x":370.31182861328127,"y":240.7563018798828,"z":-67.79879760742188},"rotation":{"x":0.010187546722590924,"y":0.020094819366931917,"z":0.00020467533613555133,"w":-0.999747633934021},"size":277.7153015136719,"orthographic":false}